# порождено настоящим DecideRegisterUser; правится не здесь
# id	userIdHex	nickHex	displayNameHex	nickTaken	verdict	errorCode
# limits	3	20	60
1	752d616e64726579	616e64726579	d090d0bdd0b4d180d0b5d0b9	no	accepted	-
2	752d616e64726579	616e64726579	d090d0bdd0b4d180d0b5d0b9	yes	rejected	NICK_TAKEN
3	-	616e64726579	d090d0bdd0b4d180d0b5d0b9	no	rejected	INSUFFICIENT_CONTEXT
4	7520616e64726579	616e64726579	d090d0bdd0b4d180d0b5d0b9	no	rejected	INSUFFICIENT_CONTEXT
5	752d616e64726579	-	d090d0bdd0b4d180d0b5d0b9	no	rejected	NICK_FORMAT_INVALID
6	752d616e64726579	6162	d090d0bdd0b4d180d0b5d0b9	no	rejected	NICK_FORMAT_INVALID
7	752d616e64726579	616263	d090d0bdd0b4d180d0b5d0b9	no	accepted	-
8	752d616e64726579	6162636465666768696a6b6c6d6e6f7071727374	d090d0bdd0b4d180d0b5d0b9	no	accepted	-
9	752d616e64726579	6162636465666768696a6b6c6d6e6f707172737475	d090d0bdd0b4d180d0b5d0b9	no	rejected	NICK_FORMAT_INVALID
10	752d616e64726579	416e64726579	d090d0bdd0b4d180d0b5d0b9	no	rejected	NICK_FORMAT_INVALID
11	752d616e64726579	752d616e64726579	d090d0bdd0b4d180d0b5d0b9	no	rejected	NICK_FORMAT_INVALID
12	752d616e64726579	616e647265795f31	d090d0bdd0b4d180d0b5d0b9	no	accepted	-
13	752d616e64726579	d0b0d0bdd0b4d180d0b5d0b9	d090d0bdd0b4d180d0b5d0b9	no	rejected	NICK_FORMAT_INVALID
14	752d616e64726579	616e64726579	-	no	rejected	DISPLAY_NAME_INVALID
15	752d616e64726579	616e64726579	202020	no	rejected	DISPLAY_NAME_INVALID
16	752d616e64726579	616e64726579	d18fd18fd18fd18fd18fd18fd18fd18fd18fd18fd18fd18fd18fd18fd18fd18fd18fd18fd18fd18fd18fd18fd18fd18fd18fd18fd18fd18fd18fd18fd18fd18fd18fd18fd18fd18fd18fd18fd18fd18fd18fd18fd18fd18fd18fd18fd18fd18fd18fd18fd18fd18fd18fd18fd18fd18fd18fd18fd18fd18f	no	accepted	-
17	752d616e64726579	616e64726579	d18fd18fd18fd18fd18fd18fd18fd18fd18fd18fd18fd18fd18fd18fd18fd18fd18fd18fd18fd18fd18fd18fd18fd18fd18fd18fd18fd18fd18fd18fd18fd18fd18fd18fd18fd18fd18fd18fd18fd18fd18fd18fd18fd18fd18fd18fd18fd18fd18fd18fd18fd18fd18fd18fd18fd18fd18fd18fd18fd18fd18f	no	rejected	DISPLAY_NAME_INVALID
18	752d616e64726579	616e64726579	61616161616161616161616161616161616161616161616161616161616161616161616161616161616161616161616161616161616161616161616161	no	rejected	DISPLAY_NAME_INVALID
19	752d616e64726579	616e64726579	c0af	no	rejected	TEXT_ENCODING_INVALID
20	752d616e64726579	616e64726579	eda080	no	rejected	TEXT_ENCODING_INVALID
21	752d616e64726579	616e64726579	d0	no	rejected	TEXT_ENCODING_INVALID
22	752d616e64726579	4142	c0af	yes	rejected	NICK_FORMAT_INVALID
23	752d616e64726579	616e64726579	c0af	yes	rejected	TEXT_ENCODING_INVALID
24	752d616e64726579	616e64726579	d090d0bdd0b4d180d0b5d0b9	yes	rejected	NICK_TAKEN
25	752d616e64726579	6130b0d05f2dc3b07a2d206d61c3	5f5f	no	rejected	NICK_FORMAT_INVALID
26	752d616e64726579	41b07ab02d30306d30612d	627a717a6d7a7a61717a615f	no	rejected	NICK_FORMAT_INVALID
27	752d616e64726579	5f30397130716d623971626d39716271717a7a	90	no	rejected	TEXT_ENCODING_INVALID
28	752d616e64726579	305f71617a61615f3930307a6d39	61	no	accepted	-
29	752d616e64726579	7ac3395fc341c35fb02d6d412d615f	626d	no	rejected	NICK_FORMAT_INVALID
30	752d616e64726579	5f2d7a	20	no	rejected	NICK_FORMAT_INVALID
31	752d616e64726579	62393930613061305f7a7a615f5f3971	30	yes	rejected	NICK_TAKEN
32	752d616e64726579	7a306d396d717a6d305f39715f6261	713962717a	no	accepted	-
33	752d616e64726579	717130397a6d717a	b0f090eda0	no	rejected	TEXT_ENCODING_INVALID
34	752d616e64726579	6dc3c34139d0	f0f0f009b0b0a020202080a0f0c2	no	rejected	NICK_FORMAT_INVALID
35	752d616e64726579	415f6dd020412d7ab0417a305f3061d03030	d0b07af0	no	rejected	NICK_FORMAT_INVALID
36	752d616e64726579	62616d7a62715f71396d	8020a0207a09d0a0d07a80a090c2b0d0a0f0f0	yes	rejected	TEXT_ENCODING_INVALID
37	752d616e64726579	6d2d5fb05f5f7a41	b0	no	rejected	NICK_FORMAT_INVALID
38	752d616e64726579	b041	5f5f62306d5f	no	rejected	NICK_FORMAT_INVALID
39	752d616e64726579	6262617a716d6d	61716d395f716d396d7a	no	accepted	-
40	752d616e64726579	612d20d0b0302d30c339c3d0b0d06d20417a	61a0f0610961	no	rejected	NICK_FORMAT_INVALID
41	752d616e64726579	7a396d7a30715f3971306d5f39395f6239	303939	yes	rejected	NICK_TAKEN
42	752d616e64726579	30393930717a30	7a61625f716139716d71716d	no	accepted	-
43	752d616e64726579	41207ac3396d39392061d0202d	30306d71	yes	rejected	NICK_FORMAT_INVALID
44	752d616e64726579	5f627a6d7a7a7162626d5f6d617a7161	09802020d0ed618009d0	no	rejected	TEXT_ENCODING_INVALID
45	752d616e64726579	d039203030b061	7a713962	no	rejected	NICK_FORMAT_INVALID
46	752d616e64726579	2041303961d0b05fb0b07a307ad06d417a20d07a	717a5f7a61305f5f617a39	no	rejected	NICK_FORMAT_INVALID
47	752d616e64726579	6130c36130616d3939	7a717a61396d	no	rejected	NICK_FORMAT_INVALID
48	752d616e64726579	3030613062306d716d6d61393961	615f71	yes	rejected	NICK_TAKEN
49	752d616e64726579	-	616d5f616d305f3961	no	rejected	NICK_FORMAT_INVALID
50	752d616e64726579	413939b05f20415fb020	90c28080c27a7a	no	rejected	NICK_FORMAT_INVALID
51	752d616e64726579	62305f6d616d6d307a62	-	yes	rejected	DISPLAY_NAME_INVALID
52	752d616e64726579	717a30305f7162305f62	20d0d0f07a09ed20807ab0f0f0	no	rejected	TEXT_ENCODING_INVALID
53	752d616e64726579	30c3c3c3d0c3305fd03020416d	c2b0	yes	rejected	NICK_FORMAT_INVALID
54	752d616e64726579	30307a5f7a6d627a3939616239	5f	yes	rejected	NICK_TAKEN
55	752d616e64726579	307a5f30716d7a6d5f7a	f0f06120209020ed80f02080907a90ed7a	yes	rejected	TEXT_ENCODING_INVALID
56	752d616e64726579	d061b07a41d0c3417a2d6d2030b07a417ad0c3d020	a0f0	no	rejected	NICK_FORMAT_INVALID
57	752d616e64726579	62615f61306d306d3071395f396d5f613962	5f626d5f39	no	accepted	-
58	752d616e64726579	b0b0d041d0416d2d5f7a305f7a5f	80c261c20990a0b0208020d009edb0d0	yes	rejected	NICK_FORMAT_INVALID
59	752d616e64726579	7a5f627171303062	61eda0f0b0b0b0a090617a20edf0b0	no	rejected	TEXT_ENCODING_INVALID
60	752d616e64726579	5f393939716d5f	305f39	no	accepted	-
61	752d616e64726579	7130617a7a61626d616d396271625f6d623961	c280ed20edd080	no	rejected	TEXT_ENCODING_INVALID
62	752d616e64726579	61617a3961625f	90c2f0a0edd0a07ad0f080c2d0edd0d0d020	no	rejected	TEXT_ENCODING_INVALID
63	752d616e64726579	5f61626162616d71305f	5f395f	no	accepted	-
64	752d616e64726579	71303061716271393030397a5f396d6d62626239	61a0a0b0f0f080f020a0a061a0f0	no	rejected	TEXT_ENCODING_INVALID
65	752d616e64726579	6d7161617a717161397a7a6161305f5f6271	397a7a6d5f615f7a71	yes	rejected	NICK_TAKEN
66	752d616e64726579	2dd0	7a627a627a7a3061	no	rejected	NICK_FORMAT_INVALID
67	752d616e64726579	d05f6141	-	yes	rejected	NICK_FORMAT_INVALID
68	752d616e64726579	5f61207ac3d03061202d7ac36d2d396d	3971716130615f616d7a39	no	rejected	NICK_FORMAT_INVALID
69	752d616e64726579	62626d627162395f39396d7a7a6d6139	5f6d306d7a6d6d39306d3962	no	accepted	-
70	752d616e64726579	6271613071307a5f61305f7a61305f	ed09b0	no	rejected	TEXT_ENCODING_INVALID
71	752d616e64726579	2d7ac3	61ed80612061b07ad0d0f0	no	rejected	NICK_FORMAT_INVALID
72	752d616e64726579	3939d0395f7ac3c3	7a61f0092061f0b009c290d0edc2a07a61c2c2	no	rejected	NICK_FORMAT_INVALID
73	752d616e64726579	b03939b0b0	-	no	rejected	NICK_FORMAT_INVALID
74	752d616e64726579	626d6d39	80	no	rejected	TEXT_ENCODING_INVALID
75	752d616e64726579	71617a7a6d717a617a306d7a71626130625f39	30	yes	rejected	NICK_TAKEN
76	752d616e64726579	202020	7ab0f0d0d0a009	no	rejected	NICK_FORMAT_INVALID
77	752d616e64726579	2d396dd05f7a3030c35f3939d0c36d	617a3071305f626239	no	rejected	NICK_FORMAT_INVALID
78	752d616e64726579	6d716d5f716d	20f0	no	rejected	TEXT_ENCODING_INVALID
79	752d616e64726579	5f7a307a39306d7a7161	7139307a305f397a6d5f3062	no	accepted	-
80	752d616e64726579	6271395f71	09edb009b0f0a020907ad07a80f080	no	rejected	TEXT_ENCODING_INVALID
81	752d616e64726579	3930613071	20	no	rejected	DISPLAY_NAME_INVALID
82	752d616e64726579	39202d3930397a	a0d090a061d0909080	no	rejected	NICK_FORMAT_INVALID
83	752d616e64726579	2030	7a0961c27aed8009d02020d08061eda0	yes	rejected	NICK_FORMAT_INVALID
84	752d616e64726579	7a715f71303971	6262306d617139	yes	rejected	NICK_TAKEN
85	752d616e64726579	7a616d6d617a6d	c261a0b00990f0	yes	rejected	TEXT_ENCODING_INVALID
86	752d616e64726579	61306dd02d2d2db02dc3b061d0	b0097aedf0c2	no	rejected	NICK_FORMAT_INVALID
87	752d616e64726579	b0d030d0	7ac2	no	rejected	NICK_FORMAT_INVALID
88	752d616e64726579	39c341304141	307a393971	no	rejected	NICK_FORMAT_INVALID
89	752d616e64726579	d0b0	625f6d7a6d6d	no	rejected	NICK_FORMAT_INVALID
90	752d616e64726579	203920616d	90d009f0c220090961f0d00990a0b07a	no	rejected	NICK_FORMAT_INVALID
91	752d616e64726579	7a616139306d30615f7a5f616d627a	a0f0b08080c2d090	no	rejected	TEXT_ENCODING_INVALID
92	752d616e64726579	627a715f7a7a306d626d	6262396d	yes	rejected	NICK_TAKEN
93	752d616e64726579	5f617a30	617a5f5f6d626d306d3961	no	accepted	-
94	752d616e64726579	d0c3c361c341c3305f3020b0b061	7a3962	no	rejected	NICK_FORMAT_INVALID
95	752d616e64726579	396139397a62397a71626139	d020209061	no	rejected	TEXT_ENCODING_INVALID
96	752d616e64726579	30616d6230626239	3071626d715f	no	accepted	-
97	752d616e64726579	61306dc32041412d2d307a5f6d5f5f41d041	c27a9090d00961a0ededc261a0	no	rejected	NICK_FORMAT_INVALID
98	752d616e64726579	715f627a713071	eda0a0d0d0c209	no	rejected	TEXT_ENCODING_INVALID
99	752d616e64726579	7139397a	09c209d0c2ed61f080906109619080	yes	rejected	TEXT_ENCODING_INVALID
100	752d616e64726579	3039d05f6d2020396dd04161b0b07a	c209618020	yes	rejected	NICK_FORMAT_INVALID
101	752d616e64726579	39205f2d3941d0	62	no	rejected	NICK_FORMAT_INVALID
102	752d616e64726579	3941b020203061	90b0a0b0ed20ed7af09061a020612061b0	no	rejected	NICK_FORMAT_INVALID
103	752d616e64726579	c3c32d39616d41612d39306141416d416141	61f0b020a0c2d061b0c2	no	rejected	NICK_FORMAT_INVALID
104	752d616e64726579	d041b02d7ab039207a5fc37a2d	d0d0	no	rejected	NICK_FORMAT_INVALID
105	752d616e64726579	7a626d625f3030	20c27a80ed7a61a0a07a7ac280a020	no	rejected	TEXT_ENCODING_INVALID
106	752d616e64726579	307a396261616130	616d7162616d61393071	yes	rejected	NICK_TAKEN
107	752d616e64726579	395f7a397a615f305f627a5f6139717162396d	0980d0f0d06161096161c2c2a00920c2807a	no	rejected	TEXT_ENCODING_INVALID
108	752d616e64726579	306d61615f6d6d6d7a7a5f6d6d5f6239	9061d0a07a9009ed	no	rejected	TEXT_ENCODING_INVALID
109	752d616e64726579	62615f30	f0a0207af0a0b080d020f0edd0209090619009	yes	rejected	TEXT_ENCODING_INVALID
110	752d616e64726579	5fb02d2d2d395f	a061ed80	no	rejected	NICK_FORMAT_INVALID
111	752d616e64726579	39396d30	80d0d080f0b0c220	no	rejected	TEXT_ENCODING_INVALID
112	752d616e64726579	612d30303041b039	61306d397161716d5f6d5f6d	no	rejected	NICK_FORMAT_INVALID
113	752d616e64726579	d04161d05fb07a5fb0b0392d	-	no	rejected	NICK_FORMAT_INVALID
114	752d616e64726579	c36d61206141d06d2d396db020b0d0c361d0b039613020	395f5f5f7a5f305f	yes	rejected	NICK_FORMAT_INVALID
115	752d616e64726579	616d303020b06120	d0a0ededd0	no	rejected	NICK_FORMAT_INVALID
116	752d616e64726579	7a615f716d7a5f303971	ed90807a90d080b0907ab00909b02020b0f090	no	rejected	TEXT_ENCODING_INVALID
117	752d616e64726579	2d6db02d412d5fd0303061c37ab041	c27a907ab020a0	no	rejected	NICK_FORMAT_INVALID
118	752d616e64726579	6d62616171	626d	no	accepted	-
119	752d616e64726579	5f2d7a39397a41614139b0	61306130	no	rejected	NICK_FORMAT_INVALID
120	752d616e64726579	615f5f	396130396d6d7a306d396d71	no	accepted	-
121	752d616e64726579	5f39715f62613961713962717a7a7a7171713039	717a71	no	accepted	-
122	752d616e64726579	7a6dc35f	09b0a02020a0a0d0618080097ab0b020c290	yes	rejected	NICK_FORMAT_INVALID
123	752d616e64726579	41205f2041d06dc3	615f615f626d716d6171	no	rejected	NICK_FORMAT_INVALID
124	752d616e64726579	396d713061716d7162616d7a62715f71396d	80907a907a09d0	no	rejected	TEXT_ENCODING_INVALID
125	752d616e64726579	61716262716d3061396162617a617139	20909090a0a0c2edf09009	no	rejected	TEXT_ENCODING_INVALID
126	752d616e64726579	395f30395fb0307a392d6dd02030303961c3202d7a	f0d0	no	rejected	NICK_FORMAT_INVALID
127	752d616e64726579	30b0b06dd0	616d30	no	rejected	NICK_FORMAT_INVALID
128	752d616e64726579	61c36d30417ac3	3061397a61	no	rejected	NICK_FORMAT_INVALID
129	752d616e64726579	7a396d	715f3971306d5f39	yes	rejected	NICK_TAKEN
130	752d616e64726579	b0	30393939616130	yes	rejected	NICK_FORMAT_INVALID
131	752d616e64726579	717a307a307a6162	80f0b0	no	rejected	TEXT_ENCODING_INVALID
132	752d616e64726579	20d0417a396d395f7a20417a30615f	61	no	rejected	NICK_FORMAT_INVALID
133	752d616e64726579	205f2d	5f627a6d7a7a	no	rejected	NICK_FORMAT_INVALID
134	752d616e64726579	30396db06dc3b07a6d	62627a6d39397a7a5f	no	rejected	NICK_FORMAT_INVALID
135	752d616e64726579	39206d30b0b02d5f305fb0	908009c20920	yes	rejected	NICK_FORMAT_INVALID
136	752d616e64726579	c361617a	306d5f5f6d30626d6d71	no	rejected	NICK_FORMAT_INVALID
137	752d616e64726579	2dd0	80ed61edb020f0ed7a61edf0d02020d090	no	rejected	NICK_FORMAT_INVALID
138	752d616e64726579	61b0	7a30	no	rejected	NICK_FORMAT_INVALID
139	752d616e64726579	c37a5f6dc36d6d61b0b02d3020b041c3	613961616d5f	yes	rejected	NICK_FORMAT_INVALID
140	752d616e64726579	5f396130627a	c2f0a0ed90a061ed90a09020f0f0c2b0a0	no	rejected	TEXT_ENCODING_INVALID
141	752d616e64726579	62305f6d616d6d30	6261	yes	rejected	NICK_TAKEN
142	752d616e64726579	717a30305f7162305f62	20edd0f0a0	no	rejected	TEXT_ENCODING_INVALID
143	752d616e64726579	61307139	625f6d30713030716d30717a	no	accepted	-
144	752d616e64726579	41207ad02d61	307a5f7a6d627a3939616239	no	rejected	NICK_FORMAT_INVALID
145	752d616e64726579	613962307a5f30716d7a6d5f7a715f616161	c2	no	rejected	TEXT_ENCODING_INVALID
146	752d616e64726579	395f615f30627a7139625f	-	yes	rejected	DISPLAY_NAME_INVALID
147	752d616e64726579	5f5f3941b030203061414139d0	d0c2eda080c261a0c26190	yes	rejected	NICK_FORMAT_INVALID
148	752d616e64726579	c3305fd02d7ab0207ab0b0396d2d	ed908090a00961f07a	no	rejected	NICK_FORMAT_INVALID
149	752d616e64726579	30b0d039305f7a5f7ab0b0392d39307a5fc3412d39	6d716d	yes	rejected	NICK_FORMAT_INVALID
150	752d616e64726579	7a5f6271	b02090a061d07a61a0b0a0	no	rejected	TEXT_ENCODING_INVALID
151	752d616e64726579	5f396d61c3c3202d39b02db05f20412d6dc37a61	617130617a7a61626d	yes	rejected	NICK_FORMAT_INVALID
152	752d616e64726579	6271625f6d62396130305f617a	d080	no	accepted	-
153	752d616e64726579	61617a3961625f307a5f623930	30717a	yes	rejected	NICK_TAKEN
154	752d616e64726579	7a7a7a6d6d627a7a625f6162	616d	no	accepted	-
155	752d616e64726579	303041617a	20b0b0b0	yes	rejected	NICK_FORMAT_INVALID
156	752d616e64726579	d0	30397a5f396d6d626262395f	no	rejected	NICK_FORMAT_INVALID
157	752d616e64726579	3071613961615f7171393039	5f6d7161617a717161	yes	rejected	NICK_TAKEN
158	752d616e64726579	6161305f5f6271	397a7a6d5f	yes	rejected	NICK_TAKEN
159	752d616e64726579	d0b0	f0a0807ad020	no	rejected	NICK_FORMAT_INVALID
160	752d616e64726579	20d0	6239303039627139	yes	rejected	NICK_FORMAT_INVALID
161	752d616e64726579	5fb020415f5f20b0206141d06d613930	3971716130615f616d7a39	no	rejected	NICK_FORMAT_INVALID
162	752d616e64726579	62626d627162395f39396d7a7a6d	6d305f6d30	no	accepted	-
163	752d616e64726579	6d39306d39	d0d090a0f07a7aa00920f0	no	rejected	TEXT_ENCODING_INVALID
164	752d616e64726579	2dd041c3c36d205f41395fb039d07a5f6120	626171716d7a61715f	yes	rejected	NICK_FORMAT_INVALID
165	752d616e64726579	5f	90b07ac2a07af061ed2061f0a0d090c2090990	no	rejected	NICK_FORMAT_INVALID
166	752d616e64726579	39397a39	2090f080a0807a61	no	rejected	TEXT_ENCODING_INVALID
167	752d616e64726579	202d3941615f	71	yes	rejected	NICK_FORMAT_INVALID
168	752d616e64726579	6d717a617a306d7a716261	206180f0b0	yes	rejected	TEXT_ENCODING_INVALID
169	752d616e64726579	6d6d6dc3c35f5fb03030d0	6271615f	no	rejected	NICK_FORMAT_INVALID
170	752d616e64726579	412030c3c339415fc33061612d20c3d05f3941	a0f0c209	no	rejected	NICK_FORMAT_INVALID
171	752d616e64726579	716d306d62396239625f7a307a39	d07a	yes	rejected	TEXT_ENCODING_INVALID
172	752d616e64726579	7139307a305f397a6d5f30623061	71395f715f307a6d307a	no	accepted	-
173	752d616e64726579	5f5f307a	61802080d061a0f0	no	rejected	TEXT_ENCODING_INVALID
174	752d616e64726579	394141d0c33930617a307a7a417ad030395f61307a	097a09ed092080a0	no	rejected	NICK_FORMAT_INVALID
175	752d616e64726579	307a617a	626d	yes	rejected	NICK_TAKEN
176	752d616e64726579	71396d397a715f713039717a6d6262306d	39616d397a616d6d617a6d71	no	accepted	-
177	752d616e64726579	5fd06d41b0b0397a	7a7161	yes	rejected	NICK_FORMAT_INVALID
178	752d616e64726579	397161	306d716d	no	accepted	-
179	752d616e64726579	5f62303961307a30307a715f62	207a90ed2090	no	rejected	TEXT_ENCODING_INVALID
180	752d616e64726579	7a39397171717a30396d5f625f6d7a6d6d30	ed20d061eda0f09009	no	rejected	TEXT_ENCODING_INVALID
181	752d616e64726579	5f6d7a61616d6d623030715f	7a616139306d30615f7a5f	yes	rejected	NICK_TAKEN
182	752d616e64726579	7a62617161716161626d62717a62	b0c2d009a0d0c2ed80a0	no	rejected	TEXT_ENCODING_INVALID
183	752d616e64726579	6d6130d041b0205f2d6d61203939207a205f6d61	5f6d71	no	rejected	NICK_FORMAT_INVALID
184	752d616e64726579	c37ac36dd0206d2d2db02d20	62303962396139397a	no	rejected	NICK_FORMAT_INVALID
185	752d616e64726579	71626139715f6d625f6261306d6230616d6230	8061c27a7a	no	rejected	TEXT_ENCODING_INVALID
186	752d616e64726579	5f71627a397a7a716d5f5f39616d5f30	7162305f	no	accepted	-
187	752d616e64726579	d03941306d61c36d6d412d5fc32d61d07a7a30c3d0	7aed7a	no	rejected	NICK_FORMAT_INVALID
188	752d616e64726579	5f7a5f7a5f7139397a71716d626d7a5f6d6161	616d	yes	rejected	NICK_TAKEN
189	752d616e64726579	617ad02041d0d06d20304120	f0f0f0c29090c2096180c2f090	no	rejected	NICK_FORMAT_INVALID
190	752d616e64726579	5f2d7a41d061b039415f5f39412d206d2061413939d0	d09009	no	rejected	NICK_FORMAT_INVALID
191	752d616e64726579	39305f396239717a717a	f020f0ed20f0f090ed8020c2edc280	no	rejected	TEXT_ENCODING_INVALID
192	752d616e64726579	61b0	b09009f07ac2ed7ac2	no	rejected	NICK_FORMAT_INVALID
193	752d616e64726579	-	61627a62303062615f7a	no	rejected	NICK_FORMAT_INVALID
194	752d616e64726579	7a397a626d625f303071	c27af0d0b0	yes	rejected	TEXT_ENCODING_INVALID
195	752d616e64726579	5fd0412d5f416d	307a3962616161307a62616d	no	rejected	NICK_FORMAT_INVALID
196	752d616e64726579	6d2db0c35fb06d30613930b0306141d0	d0c2f0807a	no	rejected	NICK_FORMAT_INVALID
197	752d616e64726579	6d7a30202d30b0202db0302db04141d06d7a3961	ed7a7aed80f0c2ed09d0d0d090edd02020f0	no	rejected	NICK_FORMAT_INVALID
198	752d616e64726579	397a3071627a6d62616262615f3071713930	f07aa0f0d0906109d09020c261c2ed80b0a0b0	yes	rejected	TEXT_ENCODING_INVALID
199	752d616e64726579	396230306171617a39627a	f0d07aa061800909	yes	rejected	TEXT_ENCODING_INVALID
200	752d616e64726579	62625f306161616d6d7a	9009a0f0	no	rejected	TEXT_ENCODING_INVALID
201	752d616e64726579	7161716d5f6d5f6d6d7139	807a7af090b0806190f07af0d090a0a0d0	yes	rejected	TEXT_ENCODING_INVALID
202	752d616e64726579	5f306d61626d39	303039713962397a6d	yes	rejected	NICK_TAKEN
203	752d616e64726579	417a392041d04161392d2d203030202db06d5f7a	7a6d7a7a61717a615f716d7a	no	rejected	NICK_FORMAT_INVALID
204	752d616e64726579	c3c3c3307a2d5f7a202d5f39d0c320305f7a41c3	305f71617a61	yes	rejected	NICK_FORMAT_INVALID
205	752d616e64726579	d0d02020	62395f5f7162305f	no	rejected	NICK_FORMAT_INVALID
206	752d616e64726579	c3	61d0c261f07a0920c2d0ed907ab0f0c2	no	rejected	NICK_FORMAT_INVALID
207	752d616e64726579	7a2d7a7ab0	61306130	no	rejected	NICK_FORMAT_INVALID
208	752d616e64726579	615f5f3971396130396d6d7a306d396d71	305f39	no	accepted	-
209	752d616e64726579	61	713962717a	no	rejected	NICK_FORMAT_INVALID
210	752d616e64726579	717130397a6d717a715f3039626d30715f6d7a71	907aa009808061d07a7aa02020	no	rejected	TEXT_ENCODING_INVALID
211	752d616e64726579	61627a307a62307a717a	c2619020d0a0d080	no	rejected	TEXT_ENCODING_INVALID
212	752d616e64726579	30396d713061716d7162616d7a62715f71	5f306162306271	no	accepted	-
213	752d616e64726579	6d7161716262716d306139616261	7139713062625f5f30	no	accepted	-
214	752d616e64726579	2d413039414141c36d7ad0b06d393961305f	6d6261	no	rejected	NICK_FORMAT_INVALID
215	752d616e64726579	5f716d396d7a625f7a39397a30617a	306230	no	accepted	-
216	752d616e64726579	6d7a5f5f717a	61397a61	no	accepted	-
217	752d616e64726579	7a396d7a30715f3971306d5f39395f62396d6d	-	yes	rejected	DISPLAY_NAME_INVALID
218	752d616e64726579	6130393930717a	b0d0f090c2b0f061a0d0a07aeda0	no	rejected	TEXT_ENCODING_INVALID
219	752d616e64726579	30395f416d39416d2dd030b0b0	7ad0a0	yes	rejected	NICK_FORMAT_INVALID
220	752d616e64726579	5f627a6d7a7a7162	c2d0f0edb0f020d0ed80c2c20909	yes	rejected	TEXT_ENCODING_INVALID
221	752d616e64726579	7a5f717130626d6d6d	61	no	accepted	-
222	752d616e64726579	39626d62397a5f6d5f393039	61c2d0907a09c2c2	no	rejected	TEXT_ENCODING_INVALID
223	752d616e64726579	2030d06d7a30615f7a3961202d20d07ab0	397a396d62627a5f	no	rejected	NICK_FORMAT_INVALID
224	752d616e64726579	b061	7a3030306130	no	rejected	NICK_FORMAT_INVALID
225	752d616e64726579	5f6d6db02d61616d20b0395fb041	61	yes	rejected	NICK_FORMAT_INVALID
226	752d616e64726579	616d305f396130627a5f625f39717a5f71397a5f	908061c27ab090eda020b0c2ed	yes	rejected	TEXT_ENCODING_INVALID
227	752d616e64726579	307a62	6109c2b0097aa020	no	rejected	TEXT_ENCODING_INVALID
228	752d616e64726579	7a41d039392030615f6d30	a0b08061b02090d0a0b0b0a0b0edb0b0	no	rejected	NICK_FORMAT_INVALID
229	752d616e64726579	6d626d623061616d	0990d0	no	rejected	TEXT_ENCODING_INVALID
230	752d616e64726579	2d2d	397a	yes	rejected	NICK_FORMAT_INVALID
231	752d616e64726579	b07a5f3039c3d02030207a6dd07a6161	5f5f	no	rejected	NICK_FORMAT_INVALID
232	752d616e64726579	395f615f30627a7139625f3039615f5f71	20610909d061209020a0b0a0d0	no	rejected	TEXT_ENCODING_INVALID
233	752d616e64726579	6162617162615f61306d306d3071395f	5f6139	no	accepted	-
234	752d616e64726579	5f626d5f395f716d3961715f305f7a	626d7162	no	accepted	-
235	752d616e64726579	2d7ab0412039d0c339b039206d205f30b0207a6d	7a7ab07ac2907af0eda061b0b0b07ac2f0	no	rejected	NICK_FORMAT_INVALID
236	752d616e64726579	2d5f5f6d6139	39716d5f397a305f39	no	rejected	NICK_FORMAT_INVALID
237	752d616e64726579	7130617a7a61626d616d396271625f6d62	30305f617a	no	accepted	-
238	752d616e64726579	616d397a61617a3961	b0d09020f0b0d0d0b0a00961f0c209ed09	no	rejected	TEXT_ENCODING_INVALID
239	752d616e64726579	7a7a625f6162	616d71305f6d	no	accepted	-
240	752d616e64726579	4139b041c3d0d061d041d02dc3c3616d41b0306d	9080200980b0a0b080	yes	rejected	NICK_FORMAT_INVALID
241	752d616e64726579	5f71713930396d615f6d716161	7161397a7a6161305f5f6271	yes	rejected	NICK_TAKEN
242	752d616e64726579	7a7a6d5f615f7a7139717a	39307a62	no	accepted	-
243	752d616e64726579	205f61c341b0d0d06139	-	yes	rejected	NICK_FORMAT_INVALID
244	752d616e64726579	d0616d39d05f302d	62717a395f	no	rejected	NICK_FORMAT_INVALID
245	752d616e64726579	3971716130615f616d7a397161	c20990b090	yes	rejected	TEXT_ENCODING_INVALID
246	752d616e64726579	616d6d6d	396d305f6d306d7a6d	no	accepted	-
247	752d616e64726579	6d3962307a6d6271	71307a5f	yes	rejected	NICK_TAKEN
248	752d616e64726579	6d61d07a5fd0206dc34139d0617a5f395f616d61b0	7aa0d0d0617a20f02090b020	no	rejected	NICK_FORMAT_INVALID
249	752d616e64726579	5f415f	f0ed2061807a09c290eded207a7a61c2	no	rejected	NICK_FORMAT_INVALID
250	752d616e64726579	412d7a39b0b05f2dc3	626d6d396262613061397161	no	rejected	NICK_FORMAT_INVALID
251	752d616e64726579	717a617a306d7a71626130625f3961	615f306d6d6d3030	no	accepted	-
252	752d616e64726579	306d5f6dd0395fb0396dc35f7a6d6dd0	c27aa0d061	yes	rejected	NICK_FORMAT_INVALID
253	752d616e64726579	3071305f62623930395f6d716d	d0a009c280c2f02090d07ad0617ad0d0a061ed	no	rejected	TEXT_ENCODING_INVALID
254	752d616e64726579	c36dd039b0306d395f41d02d	71395f715f30	no	rejected	NICK_FORMAT_INVALID
255	752d616e64726579	7a3039305f5f	7af0f0f090f0edf07a61	no	rejected	TEXT_ENCODING_INVALID
256	752d616e64726579	397a39c35f7a2061396d7a7a7a	d020b061d02090f0097ad0ed09c2f0	no	rejected	NICK_FORMAT_INVALID
257	752d616e64726579	62307a617a6d5f	f061	no	rejected	TEXT_ENCODING_INVALID
258	752d616e64726579	30b030d0	7a61a0	no	rejected	NICK_FORMAT_INVALID
259	752d616e64726579	62306d617139616d	616d6d617a6d7130626130	no	accepted	-
260	752d616e64726579	6161625f617a7a7161616139397161617130	6d716d395f62303961307a30	no	accepted	-
261	752d616e64726579	5f62626d5f715f7a62627a61307a39397171717a	-	no	rejected	DISPLAY_NAME_INVALID
262	752d616e64726579	7a6d6d2020c37a7a207a302d20c3614120	5f5f6d7a61	yes	rejected	NICK_FORMAT_INVALID
263	752d616e64726579	623030715f7a7a7a616139306d3061	90f0d0c20990f0b080a0	yes	rejected	TEXT_ENCODING_INVALID
264	752d616e64726579	6d62717a62627a715f7a	6d626d3971626239	no	accepted	-
265	752d616e64726579	715f617a30616d617a5f5f6d626d306d39617a	b0b0	no	rejected	TEXT_ENCODING_INVALID
266	752d616e64726579	5f717a307a7a396161396d7a	303962396139397a6239	no	accepted	-
267	752d616e64726579	2d	5f6d625f6261306d6230616d	no	rejected	NICK_FORMAT_INVALID
268	752d616e64726579	412d617ac35f39205f	20d080	no	rejected	NICK_FORMAT_INVALID
269	752d616e64726579	6d5f5f39616d5f306d717162305f71625f30	ed	no	rejected	TEXT_ENCODING_INVALID
270	752d616e64726579	7a7a62397130	71	no	accepted	-
271	752d616e64726579	d0d0d05fd06dc3d0306d	c2d020b08080d07aa009c2d0ed20	no	rejected	NICK_FORMAT_INVALID
272	752d616e64726579	395f616d616239615f716d6271	0909c2d07a20f061f0c2c2c2c209f0f09061	no	rejected	TEXT_ENCODING_INVALID
273	752d616e64726579	30c3613939	-	yes	rejected	NICK_FORMAT_INVALID
274	752d616e64726579	d05f7a392d6d6d6d61	c2	no	rejected	NICK_FORMAT_INVALID
275	752d616e64726579	204130d0617a2dc3396139b05f20d06dd0c32d41b06d7a	5f6d61625f	no	rejected	NICK_FORMAT_INVALID
276	752d616e64726579	-	09f0f0a0c2a0c2	no	rejected	NICK_FORMAT_INVALID
277	752d616e64726579	5f7a305f	f061908020edc27a7a206190edededa009	yes	rejected	TEXT_ENCODING_INVALID
278	752d616e64726579	6d625f303071715f5f30	7161717171305f6171627a	yes	rejected	NICK_TAKEN
279	752d616e64726579	20617a2d2d61d0207a61205f41613061b05fc3	6d395f7a397a615f305f62	no	rejected	NICK_FORMAT_INVALID
280	752d616e64726579	b0c3d03961304120	7a	yes	rejected	NICK_FORMAT_INVALID
281	752d616e64726579	396d61395f62716d625f61716d	306d61615f6d6d6d	no	accepted	-
282	752d616e64726579	6d6d5f62395f395f397a3071627a	616262615f30	no	accepted	-
283	752d616e64726579	d039c32d5fc3b020412d6d30397a7a2d41302dc3	f0808080c2b0a0	yes	rejected	NICK_FORMAT_INVALID
284	752d616e64726579	302d39305f2db020d0c32d2d206db061	90	no	rejected	NICK_FORMAT_INVALID
285	752d616e64726579	b02d6d206d7a613930d061d0302d5fb0	20092009edb061b0c280	no	rejected	NICK_FORMAT_INVALID
286	752d616e64726579	-	618020807af00920b07aed61ed8090a0098020	no	rejected	NICK_FORMAT_INVALID
287	752d616e64726579	61303039713962397a6d6130395f5f	90b0208020f080d0d0d0edf08009	no	rejected	TEXT_ENCODING_INVALID
288	752d616e64726579	c36d	7a61717a615f71	no	rejected	NICK_FORMAT_INVALID
289	752d616e64726579	30397130716d6239	0980b020b0b0edd0a0	no	rejected	TEXT_ENCODING_INVALID
290	752d616e64726579	2d7a5f39d0616d612d392dc35f20202dd07a6139415f41	b0	no	rejected	NICK_FORMAT_INVALID
291	752d616e64726579	5fb061307a2d2d	c220	no	rejected	NICK_FORMAT_INVALID
292	752d616e64726579	3071615f625f5f62615f623939306130	5f7a7a61	no	accepted	-
293	752d616e64726579	5fb0b05f2d6d30205f30616d	ed7ac280a09090f0f080	no	rejected	NICK_FORMAT_INVALID
294	752d616e64726579	717a7a7a71717130397a6d717a715f303962	715f6d7a	no	accepted	-
295	752d616e64726579	7a5fc330612db020d0c35f417a7a2dd0b0	b009c2b0d0a0	no	rejected	NICK_FORMAT_INVALID
296	752d616e64726579	7a2d393930d030b0d03030c3b0205f5f	6d716261	no	rejected	NICK_FORMAT_INVALID
297	752d616e64726579	715f71396d5f3061	20a0ed	no	rejected	TEXT_ENCODING_INVALID
298	752d616e64726579	d061c3417ad0305f612db041616d	39713062	no	rejected	NICK_FORMAT_INVALID
299	752d616e64726579	d05f3920617a6d39417a7ad03039c361207a7a6130	eded2061b0d0	yes	rejected	NICK_FORMAT_INVALID
300	752d616e64726579	30b020307a7a3061616d5f6130616dc3415f5f2d5f6d20	a009f0b0f0f0d061ed	yes	rejected	NICK_FORMAT_INVALID
301	752d616e64726579	396d7a30715f39	d0c2f0	yes	rejected	TEXT_ENCODING_INVALID
302	752d616e64726579	6130205f2d61b061b0	807ab0ed	no	rejected	NICK_FORMAT_INVALID
303	752d616e64726579	7a61625f716139716d71716d	c290edc2a02009c290ed61a009	yes	rejected	TEXT_ENCODING_INVALID
304	752d616e64726579	30306d71617a625f627a6d7a7a71	d0	no	rejected	TEXT_ENCODING_INVALID
305	752d616e64726579	7a7161627a7a39	09096161d00920b07aa020d0d0ed6180f0	no	rejected	TEXT_ENCODING_INVALID
306	752d616e64726579	39626d62397a5f6d5f3930393039395f7a5f306d	09b090ededb0ed20edf0b09020	yes	rejected	TEXT_ENCODING_INVALID
307	752d616e64726579	7a3062396d7139	6d62627a5f7a717a61	yes	rejected	NICK_TAKEN
308	752d616e64726579	7a3030306130	d0b0d0d080f06180d00980	no	rejected	TEXT_ENCODING_INVALID
309	752d616e64726579	7a2db06161207a2d	5f396130	no	rejected	NICK_FORMAT_INVALID
310	752d616e64726579	625f39717a5f7139	715f5f616162	no	accepted	-
311	752d616e64726579	205f41c37a6db02030c330417a	7a62717a30305f7162	no	rejected	NICK_FORMAT_INVALID
312	752d616e64726579	5f	09ed80b0d0d0c2617a7af0f0a0	no	rejected	NICK_FORMAT_INVALID
313	752d616e64726579	d0d0c3c3c3305f5f30203920416d	6161eda0b0099009edc209f061f0c2	yes	rejected	NICK_FORMAT_INVALID
314	752d616e64726579	5f613962307a5f30716d7a	7a715f616161	no	accepted	-
315	752d616e64726579	3920b02d7a	30627a7139625f303961	no	rejected	NICK_FORMAT_INVALID
316	752d616e64726579	d07a412d6d3030	625f7130306d5f6d7161	no	rejected	NICK_FORMAT_INVALID
317	752d616e64726579	62615f61	7aed7aa0f09061ed90f0f090d061	no	rejected	TEXT_ENCODING_INVALID
318	752d616e64726579	7a2d7ad0306161c3415f416d61c37a30d039d039b0b0	c2d0c2a0b0c28020	no	rejected	NICK_FORMAT_INVALID
319	752d616e64726579	716d61	7a5f6271713030626271	yes	rejected	NICK_TAKEN
320	752d616e64726579	393030307162	5f6d3971	no	accepted	-
321	752d616e64726579	5f393939716d5f397a305f397a39617130	7a6162	no	accepted	-
322	752d616e64726579	396271625f6d623961	20f0ed20edd0f0ed80d080f0ed61f02090b0ed	no	rejected	TEXT_ENCODING_INVALID
323	752d616e64726579	d02030d0c36db061416d2020	627a7a	no	rejected	NICK_FORMAT_INVALID
324	752d616e64726579	-	-	no	rejected	NICK_FORMAT_INVALID
325	752d616e64726579	71305f6d7a5f395f5f	71303061716271393030	yes	rejected	NICK_TAKEN
326	752d616e64726579	396d6d626262395f6d617130	806161c2a0a0f0b0	yes	rejected	TEXT_ENCODING_INVALID
327	752d616e64726579	5f6d7161617a717161397a7a6161305f5f6271	397a7a6d5f	yes	rejected	NICK_TAKEN
328	752d616e64726579	5f2d5f6d61d0b05f3041	7a7a	no	rejected	NICK_FORMAT_INVALID
329	752d616e64726579	6239303039627139395f6130616d6230	f0d06190b0d08090096109807ab0	yes	rejected	TEXT_ENCODING_INVALID
330	752d616e64726579	-	0909f0b0	yes	rejected	NICK_FORMAT_INVALID
331	752d616e64726579	3930395f7ab07a2d2d	7a6d61396d305f6d306d7a	no	rejected	NICK_FORMAT_INVALID
332	752d616e64726579	306d3962307a6d6271613071307a5f	5f7a61305f30306d	no	accepted	-
333	752d616e64726579	395f2d395f7a5fb020b061412dc3d06d6d61c37a61	b0c2b020b0b090b07a61f0d020	yes	rejected	NICK_FORMAT_INVALID
334	752d616e64726579	6d625f7a7a62713039625f62625f3962	80b080b0617ac209d0f0c290	yes	rejected	TEXT_ENCODING_INVALID
335	752d616e64726579	2dc361303020c36d	306d7a71626130	no	rejected	NICK_FORMAT_INVALID
336	752d616e64726579	612dd0b039d02020205fd05f	09ed7a09	no	rejected	NICK_FORMAT_INVALID
337	752d616e64726579	2d41305f5f392020d0c33939c3c330	617a307130	no	rejected	NICK_FORMAT_INVALID
338	752d616e64726579	b0d0b04130d03041c3	6d623962	yes	rejected	NICK_FORMAT_INVALID
339	752d616e64726579	6dc320b05f6d205fb020d0d02dc36d5f392d306d7a	a0f009c2a06120a0c2	no	rejected	NICK_FORMAT_INVALID
340	752d616e64726579	307a3039305f5f307a7139	5f	yes	rejected	NICK_TAKEN
341	752d616e64726579	306130715f5f626271715f	627a6262625f717a62	no	accepted	-
342	752d616e64726579	5f5f396d307a7a7a5f39307a61	096109d02090edf080eda0	yes	rejected	TEXT_ENCODING_INVALID
343	752d616e64726579	7a715f	61b009ed20c27ad0617a806109f0d061eded61	no	rejected	TEXT_ENCODING_INVALID
344	752d616e64726579	30626130717a62616162	d0097a8061618080	no	rejected	TEXT_ENCODING_INVALID
345	752d616e64726579	71306d716d716d395f62303961307a	edb020	no	rejected	TEXT_ENCODING_INVALID
346	752d616e64726579	7ac339203939302d5f20b0b0c3d0d06d5f2d30413939	6d6d305f5f7a62	no	rejected	NICK_FORMAT_INVALID
347	752d616e64726579	30395f6d6d615f5f6d7a61	6d6230	no	accepted	-
348	752d616e64726579	30202061b02dd06dc3b07a6d41b020396d3961d0b0	8090ed20	no	rejected	NICK_FORMAT_INVALID
349	752d616e64726579	627a715f7a7a306d626d39716262396d	715f61	no	accepted	-
350	752d616e64726579	30b06d7a39207a20	f061d020ed7ab0b080a0	no	rejected	NICK_FORMAT_INVALID
351	752d616e64726579	c36d3061612d6130202d41c32d39612d2d61	397a71626139	no	rejected	NICK_FORMAT_INVALID
352	752d616e64726579	39394161d06d	f00920b02090f06190a0a090d07a207a20ed80	no	rejected	NICK_FORMAT_INVALID
353	752d616e64726579	6d5f5f39	5f306d717162305f71625f	no	accepted	-
354	752d616e64726579	202061d0206d7ab05fd02d2dc3393930c3	b0a0ed	no	rejected	NICK_FORMAT_INVALID
355	752d616e64726579	204130412041c3b02d20c3d030416d6d7a20612d2d39	616239615f716d	no	rejected	NICK_FORMAT_INVALID
356	752d616e64726579	20206d	a0208061619020902009	yes	rejected	NICK_FORMAT_INVALID
357	752d616e64726579	3962715f6d30	6271	yes	rejected	NICK_TAKEN
358	752d616e64726579	623071625f397a6d6d61	207ab07a0990d07af0c2807a20	yes	rejected	TEXT_ENCODING_INVALID
359	752d616e64726579	d06d5f305f5fb03961207a6161396d614141307a	307a61393062	no	rejected	NICK_FORMAT_INVALID
360	752d616e64726579	615f41305f39d0412d61412d39207ad0c3416141306d	7a397a62	no	rejected	NICK_FORMAT_INVALID
361	752d616e64726579	c3c3d0d07a415fb020d0b05fc35fc34161d0412061	09f09061f0807ad09080ed7a9080ed8080b0a0	yes	rejected	NICK_FORMAT_INVALID
362	752d616e64726579	395f7a397a615f305f627a5f6139717162	5f7a6d	yes	rejected	NICK_TAKEN
363	752d616e64726579	6d39396d61395f62716d625f61716d6d71306d	5f6d6d6d7a	no	accepted	-
364	752d616e64726579	6d3939617a2d41b030d0d07a2020	90c28020b0b0b061b0207a807aa0f0d0	no	rejected	NICK_FORMAT_INVALID
365	752d616e64726579	7a5f5f5f61627a39307130396139396230	b080ed61c209a0f0	yes	rejected	TEXT_ENCODING_INVALID
366	752d616e64726579	3039616d6d39397162625f306161616d6d7a6239	a0f0	no	rejected	TEXT_ENCODING_INVALID
367	752d616e64726579	7161716d5f6d5f6d6d7139	f0a0a061207a80f090	yes	rejected	TEXT_ENCODING_INVALID
368	752d616e64726579	30415fd06db06d61395f20b07a20b020b05f5f61	20f009d0f07a6120	no	rejected	NICK_FORMAT_INVALID
369	752d616e64726579	39c37a2d392db0306d306db0616d5f7a20d0	7a7a61717a615f716d7a5f	no	rejected	NICK_FORMAT_INVALID
370	752d616e64726579	30716d62	626d39716271717a7a30625f	no	accepted	-
371	752d616e64726579	305f71617a61615f3930307a6d39	80	no	rejected	TEXT_ENCODING_INVALID
372	752d616e64726579	7ac37ad0d039c3c32d61303961b0c32039416d207ac3d0	625f	no	rejected	NICK_FORMAT_INVALID
373	752d616e64726579	7a7a2d61d02dd061	d0d0f0909061b0f0f0a0f009ed	no	rejected	NICK_FORMAT_INVALID
374	752d616e64726579	b06dc32030d0392dc341416161615f2d415f2020205f	7a6109eda0d07ac2a0f090edb0a09009d07a7a	no	rejected	NICK_FORMAT_INVALID
375	752d616e64726579	d06d2db0b020c35fc37a417a2dd02d4130d02039d06d5f	615f615f626d	no	rejected	NICK_FORMAT_INVALID
376	752d616e64726579	717a6d30396d713061716d7162616d7a62715f	d090a0f0207a207a	no	rejected	TEXT_ENCODING_INVALID
377	752d616e64726579	6d7161716262716d3061396162617a6171397130	2090b07a20d08090d090c22090	no	rejected	TEXT_ENCODING_INVALID
378	752d616e64726579	71616d6262617a71	6d6261	no	accepted	-
379	752d616e64726579	5f716d396d7a62	80f0	no	rejected	TEXT_ENCODING_INVALID
380	752d616e64726579	-	6d3062307161306d7a	no	rejected	NICK_FORMAT_INVALID
381	752d616e64726579	6db0d02db020b0	7a7a396d7a30715f39	no	rejected	NICK_FORMAT_INVALID
382	752d616e64726579	39b0617a39616d30d02db0b02d61c32d61c35f20c36d	619020a0f080b009b0a0d07a90c2	no	rejected	NICK_FORMAT_INVALID
383	752d616e64726579	30626d5f5f6d3971	61	no	accepted	-
384	752d616e64726579	6d5f2d6d7a397a30303030c37a3930396db030	90d009f090c209ed	yes	rejected	NICK_FORMAT_INVALID
385	752d616e64726579	7a5f717130626d6d6d393961717a7139626d62	5f6d5f39303930	yes	rejected	NICK_TAKEN
386	752d616e64726579	7a5f306d5f5f6d30	09b0	no	rejected	TEXT_ENCODING_INVALID
387	752d616e64726579	61c341396130b06dc37a	71397a	yes	rejected	NICK_FORMAT_INVALID
388	752d616e64726579	627a5f7a717a6139	7a3030306130	no	accepted	-
389	752d616e64726579	5f20202db0b0	6d615f71615f61	yes	rejected	NICK_FORMAT_INVALID
390	752d616e64726579	6d5f616d305f39	627a5f62	no	accepted	-
391	752d616e64726579	7a5f71397a5f	206161207a7ac2097ac2a0c209f009eda0	no	rejected	TEXT_ENCODING_INVALID
392	752d616e64726579	61612039d020c3c3415f41c3417a5f3939	39716d	no	rejected	NICK_FORMAT_INVALID
393	752d616e64726579	c35fb02dd0394120	b07ab0eda0b0ed	no	rejected	NICK_FORMAT_INVALID
394	752d616e64726579	396d39d0b0b0	307a5f7a6d627a39	yes	rejected	NICK_FORMAT_INVALID
395	752d616e64726579	397a395f613962307a5f30716d7a6d5f7a71	-	yes	rejected	DISPLAY_NAME_INVALID
396	752d616e64726579	5f5f627a6139	-	no	rejected	DISPLAY_NAME_INVALID
397	752d616e64726579	305f2d417ac361b07a	b090c280ed09d0f0209020	no	rejected	NICK_FORMAT_INVALID
398	752d616e64726579	6d41305f2d41b05f7a2d39	6d306d3071395f39	no	rejected	NICK_FORMAT_INVALID
399	752d616e64726579	-	7a395f626d5f	yes	rejected	NICK_FORMAT_INVALID
400	752d616e64726579	202d2dd0395f39	30626d7162	no	rejected	NICK_FORMAT_INVALID
401	752d616e64726579	b0412d39207a5fc37a617a30	716d616d5f7a5f	no	rejected	NICK_FORMAT_INVALID
402	752d616e64726579	d0d07a415fb030c32d5f5f5f5f412dd03930b05fc36d2d	6161a009208009b090610961	yes	rejected	NICK_FORMAT_INVALID
403	752d616e64726579	61203061416d2d3061415f	099080807aa090f009	no	rejected	NICK_FORMAT_INVALID
404	752d616e64726579	616d397a61617a3961625f307a	617ad0d0b0a009618090090909	no	rejected	TEXT_ENCODING_INVALID
405	752d616e64726579	7a7a625f61626162616d7130	09c280902080c2b07ab0f07ac27a	yes	rejected	TEXT_ENCODING_INVALID
406	752d616e64726579	616d7a6120307a41412d39	713071613961615f71	no	rejected	NICK_FORMAT_INVALID
407	752d616e64726579	396d615f6d7161617a717161397a7a616130	90b06161f0eded09906190edb061b0d061	no	rejected	TEXT_ENCODING_INVALID
408	752d616e64726579	7a627a627a7a306130623930303962713939	b0800990	no	rejected	TEXT_ENCODING_INVALID
409	752d616e64726579	b06d2d41d06d	7a617a3971716130615f	yes	rejected	NICK_FORMAT_INVALID
410	752d616e64726579	3971616262626d627162395f39396d7a7a	39	no	accepted	-
411	752d616e64726579	305f206d206d615f6d617a5f203041c3b0d05fc330	a020d080a0c2b07a	no	rejected	NICK_FORMAT_INVALID
412	752d616e64726579	5f62306162716230396d	626171716d7a61715f	yes	rejected	NICK_TAKEN
413	752d616e64726579	d0	c27aa020a0a06161d0c26161b0ed9020ed0920	no	rejected	NICK_FORMAT_INVALID
414	752d616e64726579	4139417a39b07a416161d061	a090ed0980909080a061f07a	yes	rejected	NICK_FORMAT_INVALID
415	752d616e64726579	6d717a617a306d7a716261	90618061b0f0c27aed	no	rejected	TEXT_ENCODING_INVALID
416	752d616e64726579	303071616d7a	7ac27a6190d0a0a09009	no	rejected	TEXT_ENCODING_INVALID
417	752d616e64726579	3941c3d030612d2d305fd0	c2c2f07a61	no	rejected	NICK_FORMAT_INVALID
418	752d616e64726579	6d5f716d306d62396239	d07aed61a00909b061	no	rejected	TEXT_ENCODING_INVALID
419	752d616e64726579	b0d0305f392d30207a5f415f616d41	207ac27ad0edb0d0	no	rejected	NICK_FORMAT_INVALID
420	752d616e64726579	5f5f307a71396139	d080b0f0a0b020909020b0b0	no	rejected	TEXT_ENCODING_INVALID
421	752d616e64726579	627a6262625f717a623039	5f396d307a7a	no	accepted	-
422	752d616e64726579	c320b07ad0202d306d414120b02d6d5fb030b030	b0	no	rejected	NICK_FORMAT_INVALID
423	752d616e64726579	7a6d6262306d61713961	7a616d6d617a6d7130	no	accepted	-
424	752d616e64726579	717a626161625f617a7a71616161393971616171	7a09a0d08020c2a0f061	no	rejected	TEXT_ENCODING_INVALID
425	752d616e64726579	307a715f	09	no	rejected	DISPLAY_NAME_INVALID
426	752d616e64726579	20414120b0c3302d2dd0d0d020	edc22020	no	rejected	NICK_FORMAT_INVALID
427	752d616e64726579	6d305f5f7a627a396d3039	ed809020d0d061f0edd0c27aa0a02009d0d0	yes	rejected	TEXT_ENCODING_INVALID
428	752d616e64726579	306d30	7a5f616d627a	no	accepted	-
429	752d616e64726579	61716161626d62717a62627a715f	306d62	no	accepted	-
430	752d616e64726579	6262396d616d715f617a30616d61	5f6d626d306d	yes	rejected	NICK_TAKEN
431	752d616e64726579	5f6d717171	5f717a30	no	accepted	-
432	752d616e64726579	616139	3962303962396139397a62	yes	rejected	NICK_TAKEN
433	752d616e64726579	626139715f6d625f6261306d6230616d	c2908080c2a07a9009a090	no	rejected	TEXT_ENCODING_INVALID
434	752d616e64726579	2d306dd06d7a7ab0b06d	09b07ac2b0c2b090c27a202009d080	no	rejected	NICK_FORMAT_INVALID
435	752d616e64726579	623971306161715f627a71	7a7aedb0a0d0edc2ed90d0	no	rejected	TEXT_ENCODING_INVALID
436	752d616e64726579	6130c3c33041206d416db02d	616d	yes	rejected	NICK_FORMAT_INVALID
437	752d616e64726579	b0395f3041d0c36d6d6d416d5f412d2d6141417a	f061	no	rejected	NICK_FORMAT_INVALID
438	752d616e64726579	715f6d30	6271	yes	rejected	NICK_TAKEN
439	752d616e64726579	623071625f39	6d6162	no	accepted	-
440	752d616e64726579	d0d06d4130c32d41b05f7a	3971	no	rejected	NICK_FORMAT_INVALID
441	752d616e64726579	d0d0	617a6239615f	no	rejected	NICK_FORMAT_INVALID
442	752d616e64726579	5f7a626162307a6139306271626d6171	a0c27a9080802080c2ed	no	rejected	TEXT_ENCODING_INVALID
443	752d616e64726579	412d7a	7a307a397a626d	no	rejected	NICK_FORMAT_INVALID
444	752d616e64726579	5fc3d0417ac3b030d0b0c3c35fc341615f7a20	307a3962616161307a62616d	no	rejected	NICK_FORMAT_INVALID
445	752d616e64726579	6db061d0d0b03020b07a20b0202d7ac3	ed	no	rejected	NICK_FORMAT_INVALID
446	752d616e64726579	717162396d	096109f0ed80f009f080	no	rejected	TEXT_ENCODING_INVALID
447	752d616e64726579	6d7a4161c36d30c3c36d2d61413030306d3041206d3939	395f397a3071627a6d62	yes	rejected	NICK_FORMAT_INVALID
448	752d616e64726579	b07ad0c35f2d5f415f	71616d62617a7a5f5f5f6162	no	rejected	NICK_FORMAT_INVALID
449	752d616e64726579	7130396139396230306171617a39627a3039396d	80f009edf0f07a90c290b0	yes	rejected	TEXT_ENCODING_INVALID
450	752d616e64726579	6d6d7a6239626d3061306d3971	6d5f6d5f6d6d7139715f6171	no	accepted	-
451	752d616e64726579	306161623971	5f71717a396d39	no	accepted	-
452	752d616e64726579	b04130616d61d0c32dc3617ab06d	30395f5f5f	no	rejected	NICK_FORMAT_INVALID
453	752d616e64726579	39614161b020206d302db06dd0396dd020206d	71	no	rejected	NICK_FORMAT_INVALID
454	752d616e64726579	716d7a5f30397130	9080a0c2d0807ac27aa009d0a020	no	rejected	TEXT_ENCODING_INVALID
455	752d616e64726579	41c37ac3	61615f3930307a	no	rejected	NICK_FORMAT_INVALID
456	752d616e64726579	62395f5f7162305f7130	b06180d0c2f080b0ed9090d0ed207aa0f02090	no	rejected	TEXT_ENCODING_INVALID
457	752d616e64726579	b04139b0615f61d02d5f4120306141412d	61a061d0	no	rejected	NICK_FORMAT_INVALID
458	752d616e64726579	6d396d717a6d305f	5f62613961713962717a7a7a	no	accepted	-
459	752d616e64726579	d0612020c330d0	f020ed	no	rejected	NICK_FORMAT_INVALID
460	752d616e64726579	6d205f5f7a39d05f30612db06d	a0909090f0b061	no	rejected	NICK_FORMAT_INVALID
461	752d616e64726579	7a62307a717a5f615f615f626d716d61717a	396d713061716d71	no	accepted	-
462	752d616e64726579	7a62715f71	5f3061623062716d7a716d	no	accepted	-
463	752d616e64726579	6262716d3061	62617a6171	yes	rejected	NICK_TAKEN
464	752d616e64726579	397a39	b020ed61900990	no	rejected	TEXT_ENCODING_INVALID
465	752d616e64726579	5f20395f6130393961	6d6d6d62	yes	rejected	NICK_FORMAT_INVALID
466	752d616e64726579	b07a5f20b030	5f7a39397a30617a616d	no	rejected	NICK_FORMAT_INVALID
467	752d616e64726579	5f61d030207a395f202dc3b0b0306130b06d20	7a3071	no	rejected	NICK_FORMAT_INVALID
468	752d616e64726579	306d5f39395f62396d6d303939396161	617aa0d0b0eda0ed6120c2b061807a09	no	rejected	TEXT_ENCODING_INVALID
469	752d616e64726579	c339417a3039c3412041412061d030b0615fd0d06dd0	625f62	no	rejected	NICK_FORMAT_INVALID
470	752d616e64726579	7a7162626d5f6d617a7161627a	62	no	accepted	-
471	752d616e64726579	39397a7a5f	a090edd0098061807a09b061c2d090f0d090d0	no	rejected	TEXT_ENCODING_INVALID
472	752d616e64726579	393039395f7a5f306d5f5f6d	ed09b009900980b090	no	rejected	TEXT_ENCODING_INVALID
473	752d616e64726579	397a3062396d71397a396d62627a5f	7a61396d	no	accepted	-
474	752d616e64726579	3030613062306d716d6d613939617a6d615f	90f0f080f0092061	no	rejected	TEXT_ENCODING_INVALID
475	752d616e64726579	2d2d5f7a30	c2	yes	rejected	NICK_FORMAT_INVALID
476	752d616e64726579	415f	5f715f	no	rejected	NICK_FORMAT_INVALID
477	752d616e64726579	6271305f7a3062305f6d61	307a626261397a62717a30	no	accepted	-
478	752d616e64726579	39d03941c33941	39716d	no	rejected	NICK_FORMAT_INVALID
479	752d616e64726579	-	f0f0a0c220eda0a07aa0b0097ab009	no	rejected	NICK_FORMAT_INVALID
480	752d616e64726579	416d7ac3b06120d05f6d41306d416d612db07a2d6d61	f0c2a0d0207aa009edd090ed	no	rejected	NICK_FORMAT_INVALID
481	752d616e64726579	-	5f5f5f627a61395f61	no	rejected	NICK_FORMAT_INVALID
482	752d616e64726579	20	90c2a0f0f0c2c27a	no	rejected	NICK_FORMAT_INVALID
483	752d616e64726579	b0306d20617a4139d0c35f307a6dc3617a	62615f61306d306d3071395f	yes	rejected	NICK_FORMAT_INVALID
484	752d616e64726579	6139627a395f626d5f395f716d3961715f30	61b020d0b090	no	rejected	TEXT_ENCODING_INVALID
485	752d616e64726579	b039617a	71715f39626d7a6d716d	yes	rejected	NICK_FORMAT_INVALID
486	752d616e64726579	7a5f627171303062	61097af0a0a0a0b02080a0	no	rejected	TEXT_ENCODING_INVALID
487	752d616e64726579	71716d615f39393971	397a	no	accepted	-
488	752d616e64726579	202db0c35fb06d302d393061	62	no	rejected	NICK_FORMAT_INVALID
489	752d616e64726579	20412db0d0d0392d2039306d2d6d616db02d6d2db0	7a	no	rejected	NICK_FORMAT_INVALID
490	752d616e64726579	2dd06d205f5f6d612d39206d206d30416d	5f6162616261	no	rejected	NICK_FORMAT_INVALID
491	752d616e64726579	396d30	-	no	rejected	DISPLAY_NAME_INVALID
492	752d616e64726579	39c35f5f	6271393030397a5f396d6d62	no	rejected	NICK_FORMAT_INVALID
493	752d616e64726579	416d61c3d0c3b0612d2d395f	7af0098090eda061	yes	rejected	NICK_FORMAT_INVALID
494	752d616e64726579	7161397a7a6161305f5f62713939	7a6d5f	yes	rejected	NICK_TAKEN
495	752d616e64726579	c361	f0a0f0b009c2d0c2d0d07af0a0c280a0a080	no	rejected	NICK_FORMAT_INVALID
496	752d616e64726579	2d7a61d02d30395fc36d2d6d2d7ad020b03920b0	7171613061	no	rejected	NICK_FORMAT_INVALID
497	752d616e64726579	7a3971616262626d627162395f39396d7a	61396d305f6d306d7a6d6d	yes	rejected	NICK_TAKEN
498	752d616e64726579	6141c36d30415f2dc3c35f6d4161c3396db0c37a5fc3	715f62306162716230396d	yes	rejected	NICK_FORMAT_INVALID
499	752d616e64726579	6171716d7a61715f616262305f71	b090a0	no	rejected	TEXT_ENCODING_INVALID
500	752d616e64726579	7a5f3939306d625f7a7a627130	5f62625f39625f616171	yes	rejected	NICK_TAKEN
501	752d616e64726579	5f7a306d2d41392dd02d2dd061206d20d0206130	edb09080b090	no	rejected	NICK_FORMAT_INVALID
502	752d616e64726579	393061	ededd07a7a7aa0	yes	rejected	TEXT_ENCODING_INVALID
503	752d616e64726579	306d306271615f7a713062	30305f	no	accepted	-
504	752d616e64726579	6d61b0616d5f5f	20	no	rejected	NICK_FORMAT_INVALID
505	752d616e64726579	395f6d71	716d306d6239	no	accepted	-
506	752d616e64726579	5f7a307a39306d7a7161	7139307a305f397a6d5f3062	no	accepted	-
507	752d616e64726579	6271395f71	ed09a0edb061b02020b009	no	rejected	TEXT_ENCODING_INVALID
508	752d616e64726579	395f396d393061	909020c2b07ac20961c2d0902090207a09c2b0	yes	rejected	TEXT_ENCODING_INVALID
509	752d616e64726579	5f396d30	7a5f39307a6162	no	accepted	-
510	752d616e64726579	7a6d5f626d61616d71	397a715f713039	no	accepted	-
511	752d616e64726579	6262306d617139	397a616d6d617a	no	accepted	-
512	752d616e64726579	41b05fd06d7ab02d7a41b0	7161616139397161617130	no	rejected	NICK_FORMAT_INVALID
513	752d616e64726579	5f6d617a7ad06161d030d0c36dd07a397a307ad04120	09807aed61	yes	rejected	NICK_FORMAT_INVALID
514	752d616e64726579	d06dd061304139	0909d0b020200990ed80eda08020	no	rejected	NICK_FORMAT_INVALID
515	752d616e64726579	5f5f6d7a61616d6d623030715f7a7a	6139306d30	yes	rejected	NICK_TAKEN
516	752d616e64726579	7a2d	7a62	yes	rejected	NICK_FORMAT_INVALID
517	752d616e64726579	-	8020edc2a0d090c2	no	rejected	NICK_FORMAT_INVALID
518	752d616e64726579	6d30d03041	71	no	rejected	NICK_FORMAT_INVALID
519	752d616e64726579	6d6130d07ab06dc36120b0307a7a6d4120c36d61	5f6d71717139715f717a30	no	rejected	NICK_FORMAT_INVALID
520	752d616e64726579	6161396d7a3962	-	no	rejected	DISPLAY_NAME_INVALID
521	752d616e64726579	39397a62397a7162613971	902090807a0920b08009	no	rejected	TEXT_ENCODING_INVALID
522	752d616e64726579	39b0b07a5f5f7a6d5f7a5f4120b06d20c3	5f39616d5f306d717162	no	rejected	NICK_FORMAT_INVALID
523	752d616e64726579	3941c37a39303061d030307a61c3c3	71	no	rejected	NICK_FORMAT_INVALID
524	752d616e64726579	5f5f	b0d0a0a0edd0c2ed9009c2b080f009	no	rejected	NICK_FORMAT_INVALID
525	752d616e64726579	7a306d396db0	5f616d6162	yes	rejected	NICK_FORMAT_INVALID
526	752d616e64726579	716d6271307a6d7a626d3062	396262625f6d396162	yes	rejected	NICK_TAKEN
527	752d616e64726579	39305f2d7a415f	62623071625f397a6d	no	rejected	NICK_FORMAT_INVALID
528	752d616e64726579	5f623071717a627a	9061a090	yes	rejected	TEXT_ENCODING_INVALID
529	752d616e64726579	c36d5f20c3d06141b0307a2db07a202d39393039	307a61393062	no	rejected	NICK_FORMAT_INVALID
530	752d616e64726579	61c37a30c339	618090809009c2b07a	no	rejected	NICK_FORMAT_INVALID
531	752d616e64726579	7a6d7a307a397a626d62	a0b0b0	no	rejected	TEXT_ENCODING_INVALID
532	752d616e64726579	2d30d0	7171305f	yes	rejected	NICK_FORMAT_INVALID
533	752d616e64726579	6d2dc3d06db041612db05f2039b0205f7a	613930	no	rejected	NICK_FORMAT_INVALID
534	752d616e64726579	6d395f7a397a61	9090d09061617aa0c2f0ed2009edf0	no	rejected	TEXT_ENCODING_INVALID
535	752d616e64726579	39396d61395f62716d	80a0ed09a0b009f0f0c2d0edd009d090d0	no	rejected	TEXT_ENCODING_INVALID
536	752d616e64726579	2d41617a616d5fd07a	62616262615f3071713930	no	rejected	NICK_FORMAT_INVALID
537	752d616e64726579	c35f2d6d412d206d39397ab041302dc3	f061f08090b0b0	yes	rejected	NICK_FORMAT_INVALID
538	752d616e64726579	6d2d396dd0b06130d0d0b02d6d6d2d2d	c220a061f0f0ededed	no	rejected	NICK_FORMAT_INVALID
539	752d616e64726579	6d3061306d397161716d5f6d5f6d6d7139715f61	f020b0	yes	rejected	TEXT_ENCODING_INVALID
540	752d616e64726579	3971397a5f71717a396d	306d	yes	rejected	NICK_TAKEN
541	752d616e64726579	612061c3c3b0d0b041b06d6d615f	5f5f7a5f305f	yes	rejected	NICK_FORMAT_INVALID
542	752d616e64726579	-	6d6d7a39617a71627a717a	no	rejected	NICK_FORMAT_INVALID
543	752d616e64726579	61717a615f716d7a5f30397130716d	b0c2d061b0907ab0	no	rejected	TEXT_ENCODING_INVALID
544	752d616e64726579	625f71395f30	f0d0f08090807a7ad0edf0b020f020	no	rejected	TEXT_ENCODING_INVALID
545	752d616e64726579	d0	7a90a07af061d0206180a0092020090920a0a0	yes	rejected	NICK_FORMAT_INVALID
546	752d616e64726579	7a7a41b039396161d0	61305f7a7a615f5f39713961	no	rejected	NICK_FORMAT_INVALID
547	752d616e64726579	6d7a306d396d717a6d305f39715f62	61713962717a7a7a71	no	accepted	-
548	752d616e64726579	2d2020	b0c2a08020eda0a0c2d0ed7a7a90	no	rejected	NICK_FORMAT_INVALID
549	752d616e64726579	202d2db020d0c3d0394139	61627a30	no	rejected	NICK_FORMAT_INVALID
550	752d616e64726579	6d5f20412d7ab03939305f	71	no	rejected	NICK_FORMAT_INVALID
551	752d616e64726579	396d713061716d71	eded20a0907a61edc2a08020	no	rejected	TEXT_ENCODING_INVALID
552	752d616e64726579	3030d030d061d07a415f305f612db041b030b0c32dd05f	90207aa0c2	no	rejected	NICK_FORMAT_INVALID
553	752d616e64726579	6d5f5f5f62306d5f71616d62	-	no	rejected	DISPLAY_NAME_INVALID
554	752d616e64726579	303041615f20617ad06d61306d4141202d6130c3b030	3062307161306d7a5f5f71	no	rejected	NICK_FORMAT_INVALID
555	752d616e64726579	61397a616d39	396d7a	no	accepted	-
556	752d616e64726579	2d5f5f6d7a	5f62396d6d30393939	yes	rejected	NICK_FORMAT_INVALID
557	752d616e64726579	393930717a307a30	62	no	accepted	-
558	752d616e64726579	61d020d0c3305f7a7a392039c341307a	80a0d0f061b0a07aeda0f0d020c2	no	rejected	NICK_FORMAT_INVALID
559	752d616e64726579	7a7a7162626d5f6d617a71	7a7a3962627a6d39397a	no	accepted	-
560	752d616e64726579	5f5f7a20202061	71	no	rejected	NICK_FORMAT_INVALID
561	752d616e64726579	396d7a616d392041b0c3b05fb0617a2041d06d41	a020	no	rejected	NICK_FORMAT_INVALID
562	752d616e64726579	7a5f7a61305f5f617a397a3062396d71397a396d	d090edb0d0f0610920eda07aa0807a90a0	no	rejected	TEXT_ENCODING_INVALID
563	752d616e64726579	3061b02d6120202d39d061392d2d2d613039b030c341	30627a5f62	no	rejected	NICK_FORMAT_INVALID
564	752d616e64726579	7a5f71397a5f715f5f61616271305f7a	a0	no	rejected	TEXT_ENCODING_INVALID
565	752d616e64726579	6d6d307a626261397a62717a30305f7162305f	9090edd061b0eded2080a0b06180b0	no	rejected	TEXT_ENCODING_INVALID
566	752d616e64726579	5f5f5fd0c36d5fd03020392041307ac3b02d6dd05f6d	d0200961f061c280d0f09061f0c2	no	rejected	NICK_FORMAT_INVALID
567	752d616e64726579	30716d7a6d5f7a715f61	5f5f5f627a61395f61	no	accepted	-
568	752d616e64726579	30	c290b0f0	yes	rejected	NICK_FORMAT_INVALID
569	752d616e64726579	d0c3397ab0	7a395f	no	rejected	NICK_FORMAT_INVALID
570	752d616e64726579	c35f207a305f2d7ab0c37ab0392dc3	6d307139	no	rejected	NICK_FORMAT_INVALID
571	752d616e64726579	5f6139627a395f626d5f395f716d3961715f30	61a020d07a20b020f0f0908090d090a0b0c2	yes	rejected	TEXT_ENCODING_INVALID
572	752d616e64726579	6d305f6db030392041395f5fd0c34141c3616dc3b05f	b090807ac209f0	no	rejected	NICK_FORMAT_INVALID
573	752d616e64726579	61392d2db0c36d41b030d07a6120	71	no	rejected	NICK_FORMAT_INVALID
574	752d616e64726579	7a61626d616d396271625f6d62	30305f617a626d7a61	no	accepted	-
575	752d616e64726579	61617a3961625f307a5f62	7a7a30717a393962	no	accepted	-
576	752d616e64726579	6d6d627a7a625f61626162616d71305f6d	395f5f396271	no	accepted	-
577	752d616e64726579	-	a061a07a8009c28009	no	rejected	NICK_FORMAT_INVALID
578	752d616e64726579	39617a2061c35fc32d	615f71713930396d61	no	rejected	NICK_FORMAT_INVALID
579	752d616e64726579	61617a717161397a7a6161305f5f6271	397a7a6d5f	yes	rejected	NICK_TAKEN
580	752d616e64726579	c32d	61a0f0b0d020d02009edb0f07a20f07aa080	no	rejected	NICK_FORMAT_INVALID
581	752d616e64726579	2d7ab05f	6230306d617a61	no	rejected	NICK_FORMAT_INVALID
582	752d616e64726579	b04130b0302d5fd0615fb07a616d3061d02d	c2d0c2b090f0c26161eded09ed8061097a	no	rejected	NICK_FORMAT_INVALID
583	752d616e64726579	6d7a6d6d39306d3962307a6d6271613071307a5f	5f7a6130	no	accepted	-
584	752d616e64726579	306dc3397ad0617ac3415f6130b02d39b05f5f	61715f	yes	rejected	NICK_FORMAT_INVALID
585	752d616e64726579	c3	207ab0c27aa08061ed2080617ad0202009ed20	no	rejected	NICK_FORMAT_INVALID
586	752d616e64726579	41393941	20908061a0f07af0a0900909802020f0	no	rejected	NICK_FORMAT_INVALID
587	752d616e64726579	71617a7a6d717a617a	eda020f0b02020618080a08090b009d009a0	no	rejected	TEXT_ENCODING_INVALID
588	752d616e64726579	61206d5f6d5f395f2d39205fd0413030d0c33941d05f6d	617a307130	no	rejected	NICK_FORMAT_INVALID
589	752d616e64726579	2dc3613920c3207ac36dc36d392d392d39	a0ed	yes	rejected	NICK_FORMAT_INVALID
590	752d616e64726579	205f6120d0c3	7a305f397a6d5f306230617a	no	rejected	NICK_FORMAT_INVALID
591	752d616e64726579	7ad041d06d30c36dd0b0d0417ac330d02d2db039	39306130715f5f	no	rejected	NICK_FORMAT_INVALID
592	752d616e64726579	5f3920b0416d394141415f3041d0b06d39392d30d02020	39307a6162307a617a6d	no	rejected	NICK_FORMAT_INVALID
593	752d616e64726579	b0616dc32d206120c37ac3c3b0d030303939d06db05f	6d397a616d6d617a6d	no	rejected	NICK_FORMAT_INVALID
594	752d616e64726579	b0d0c3207a612d417a2d30205f61b02d2d	616171306d716d71	no	rejected	NICK_FORMAT_INVALID
595	752d616e64726579	62303961	7a7aed7a9020	no	rejected	TEXT_ENCODING_INVALID
596	752d616e64726579	715f7a62627a	7a39397171717a30396d5f62	no	accepted	-
597	752d616e64726579	6d6d305f5f7a627a39	395f6d6d	yes	rejected	NICK_TAKEN
598	752d616e64726579	303061b0206d395fc35f7a6d3020b02d61d0305f2d	20f0d0c2d0c2	yes	rejected	NICK_FORMAT_INVALID
599	752d616e64726579	-	-	yes	rejected	NICK_FORMAT_INVALID
600	752d616e64726579	395f30397a20d07a6d30d06d3920	6262396d616d715f617a3061	no	rejected	NICK_FORMAT_INVALID
601	752d616e64726579	5f5f6d626d306d39617a5f6d71	617a90	no	rejected	TEXT_ENCODING_INVALID
602	752d616e64726579	7a7a39616139	396230	yes	rejected	NICK_TAKEN
603	752d616e64726579	2d612d207ab020d07a2d2dc3	2090c2f07a09	no	rejected	NICK_FORMAT_INVALID
604	752d616e64726579	-	3062	no	rejected	NICK_FORMAT_INVALID
605	752d616e64726579	5f3071626d715f71627a397a7a716d	6180d0c2a0eda0a0c2	no	rejected	TEXT_ENCODING_INVALID
606	752d616e64726579	4139c3397a2020b05f6d2041b0c35f	715f627a71	no	rejected	NICK_FORMAT_INVALID
607	752d616e64726579	d06d5fd0206d7a30392041c3b0b020	d0c2edd0200961	yes	rejected	NICK_FORMAT_INVALID
608	752d616e64726579	616d616239615f716d6271307a6d7a626d30	618020202020d0616190f090b090edb0	yes	rejected	TEXT_ENCODING_INVALID
609	752d616e64726579	5f	62	no	rejected	NICK_FORMAT_INVALID
610	752d616e64726579	3939b06d6d6db0397a7ad05fd020416dd02d412dc3392d	7ad0a0ed	no	rejected	NICK_FORMAT_INVALID
611	752d616e64726579	41b0207a2db04120	5f7a	no	rejected	NICK_FORMAT_INVALID
612	752d616e64726579	307a6139306271626d61715f7a30	c28061	no	accepted	-
613	752d616e64726579	7a623030	90eded09	no	rejected	TEXT_ENCODING_INVALID
614	752d616e64726579	7a626d625f	b0a0c220b0f009a080a0b0a07a90f0	no	rejected	TEXT_ENCODING_INVALID
615	752d616e64726579	b0d0c330617ab061b0d06d7a2d30c3416120	3071396d6d	yes	rejected	NICK_FORMAT_INVALID
616	752d616e64726579	2d20	305f627a5f61	yes	rejected	NICK_FORMAT_INVALID
617	752d616e64726579	41b0307a6d20616d2d6d61b0202d2d417ac3307a39b0d0	71306d61615f6d6d6d7a7a	no	rejected	NICK_FORMAT_INVALID
618	752d616e64726579	5f62395f395f397a3071627a6d	c290f020	no	rejected	TEXT_ENCODING_INVALID
619	752d616e64726579	b0d07ad0615fd0	62617a	no	rejected	NICK_FORMAT_INVALID
620	752d616e64726579	41617a302d	a0f0f0	yes	rejected	NICK_FORMAT_INVALID
621	752d616e64726579	30306171617a	7a3039396d303039616d	no	accepted	-
622	752d616e64726579	7162625f30	616d6d7a6239626d30	yes	rejected	NICK_TAKEN
623	752d616e64726579	61c32dd0203920396d30c3615f7ab0c3c3617a5f2d2d	b080d0c2b0b00961	no	rejected	NICK_FORMAT_INVALID
624	752d616e64726579	306d61626d396d61	f0a080c261eded61b0f09020c209907a20f020	yes	rejected	TEXT_ENCODING_INVALID
